date,value,reporter,partner
2021-01-01,908231372628,Middle East,"All Countries, excluding the IO"
2022-01-01,1296154132018,Middle East,"All Countries, excluding the IO"
2021-01-01,81072860369,Iraq,"All Countries, excluding the IO"
2022-01-01,125396360545,Iraq,"All Countries, excluding the IO"
2021-01-01,87375213689,Romania,"All Countries, excluding the IO"
2022-01-01,96683418218,Romania,"All Countries, excluding the IO"
2021-01-01,1356992744,Other Countries n.i.e. (IMF),"All Countries, excluding the IO"
2022-01-01,1517324748,Other Countries n.i.e. (IMF),"All Countries, excluding the IO"
2021-01-01,584703018831,France,"All Countries, excluding the IO"
2022-01-01,620147184296,France,"All Countries, excluding the IO"
2021-01-01,189230877537,Sweden,"All Countries, excluding the IO"
2022-01-01,197597896388,Sweden,"All Countries, excluding the IO"
2021-01-01,14747546463,Costa Rica,"All Countries, excluding the IO"
2022-01-01,15183244716,Costa Rica,"All Countries, excluding the IO"
2021-01-01,6036187305,Zimbabwe,"All Countries, excluding the IO"
2022-01-01,6585479341,Zimbabwe,"All Countries, excluding the IO"
2021-01-01,505815008,Montenegro,"All Countries, excluding the IO"
2022-01-01,742312937,Montenegro,"All Countries, excluding the IO"
2021-01-01,5194857139,Senegal,"All Countries, excluding the IO"
2022-01-01,5709543957,Senegal,"All Countries, excluding the IO"
2021-01-01,1025778424.0000001,Benin,"All Countries, excluding the IO"
2022-01-01,849932257,Benin,"All Countries, excluding the IO"
2021-01-01,5098057769335,Developing Asia (IMF),"All Countries, excluding the IO"
2022-01-01,5602597985844,Developing Asia (IMF),"All Countries, excluding the IO"
2021-01-01,1486269952777,Emerging and Developing Europe,"All Countries, excluding the IO"
2022-01-01,1635983944349,Emerging and Developing Europe,"All Countries, excluding the IO"
2021-01-01,29268510351,Cote d`Ivoire,"All Countries, excluding the IO"
2022-01-01,34734783069,Cote d`Ivoire,"All Countries, excluding the IO"
2021-01-01,1251956007,Macao,"All Countries, excluding the IO"
2022-01-01,1232378609,Macao,"All Countries, excluding the IO"
2021-01-01,5122509755,Mozambique,"All Countries, excluding the IO"
2022-01-01,7898168372,Mozambique,"All Countries, excluding the IO"
2021-01-01,35116222724,Angola,"All Countries, excluding the IO"
2022-01-01,51443395619,Angola,"All Countries, excluding the IO"
2021-01-01,7905035982,Lao People`s Democratic Republic,"All Countries, excluding the IO"
2022-01-01,9586647234,Lao People`s Democratic Republic,"All Countries, excluding the IO"
2021-01-01,93878024713,Chile,"All Countries, excluding the IO"
2022-01-01,97489095973,Chile,"All Countries, excluding the IO"
2021-01-01,151281170,Maldives,"All Countries, excluding the IO"
2022-01-01,159010757,Maldives,"All Countries, excluding the IO"
2021-01-01,22208004300,Azerbaijan,"All Countries, excluding the IO"
2022-01-01,38146434200,Azerbaijan,"All Countries, excluding the IO"
2021-01-01,6054132505,Iceland,"All Countries, excluding the IO"
2022-01-01,7402719309,Iceland,"All Countries, excluding the IO"
2021-01-01,39986971100,Belarus,"All Countries, excluding the IO"
2022-01-01,33919329160,Belarus,"All Countries, excluding the IO"
2021-01-01,5220890584,Gabon,"All Countries, excluding the IO"
2022-01-01,7431860263,Gabon,"All Countries, excluding the IO"
2021-01-01,3368216972663,China,"All Countries, excluding the IO"
2022-01-01,3604481490750,China,"All Countries, excluding the IO"
2021-01-01,3142979849,"Moldova, Republic of","All Countries, excluding the IO"
2022-01-01,4332145453,"Moldova, Republic of","All Countries, excluding the IO"
2021-01-01,1724282081,Nepal,"All Countries, excluding the IO"
2022-01-01,1382441280,Nepal,"All Countries, excluding the IO"
2021-01-01,11140863780,Papua New Guinea,"All Countries, excluding the IO"
2022-01-01,16236983261,Papua New Guinea,"All Countries, excluding the IO"
2021-01-01,57327001413,Nigeria,"All Countries, excluding the IO"
2022-01-01,65431061315,Nigeria,"All Countries, excluding the IO"
2021-01-01,3681100753,Albania,"All Countries, excluding the IO"
2022-01-01,4310142456,Albania,"All Countries, excluding the IO"
2021-01-01,8244915917,"North Macedonia, Republic of","All Countries, excluding the IO"
2022-01-01,8729356237,"North Macedonia, Republic of","All Countries, excluding the IO"
2021-01-01,3293887573,Mauritania,"All Countries, excluding the IO"
2022-01-01,3344361563,Mauritania,"All Countries, excluding the IO"
2021-01-01,8614079101,Bosnia and Herzegovina,"All Countries, excluding the IO"
2022-01-01,9678192327,Bosnia and Herzegovina,"All Countries, excluding the IO"
2021-01-01,28260460,Gambia,"All Countries, excluding the IO"
2022-01-01,36304992,Gambia,"All Countries, excluding the IO"
2021-01-01,10985584941,Bolivia,"All Countries, excluding the IO"
2022-01-01,13603746248,Bolivia,"All Countries, excluding the IO"
2021-01-01,149559997,Burundi,"All Countries, excluding the IO"
2022-01-01,190851510,Burundi,"All Countries, excluding the IO"
2021-01-01,459609361784,United Kingdom,"All Countries, excluding the IO"
2022-01-01,529129755617.00006,United Kingdom,"All Countries, excluding the IO"
2021-01-01,1999401236,Oman,"All Countries, excluding the IO"
2022-01-01,8752530795,Oman,"All Countries, excluding the IO"
2021-01-01,715819565,Niger,"All Countries, excluding the IO"
2022-01-01,543087651,Niger,"All Countries, excluding the IO"
2021-01-01,1042736971,Seychelles,"All Countries, excluding the IO"
2022-01-01,919388362,Seychelles,"All Countries, excluding the IO"
2021-01-01,4256755108.0000005,Guyana,"All Countries, excluding the IO"
2022-01-01,11113142761,Guyana,"All Countries, excluding the IO"
2021-01-01,770461101,Bahamas,"All Countries, excluding the IO"
2022-01-01,2324878109,Bahamas,"All Countries, excluding the IO"
2021-01-01,615546775621,Italy,"All Countries, excluding the IO"
2022-01-01,658456586865,Italy,"All Countries, excluding the IO"
2021-01-01,1196853585,Rwanda,"All Countries, excluding the IO"
2022-01-01,1562504485,Rwanda,"All Countries, excluding the IO"
2021-01-01,21876645698,Croatia,"All Countries, excluding the IO"
2022-01-01,25465708266,Croatia,"All Countries, excluding the IO"
2021-01-01,65826467477,Ukraine,"All Countries, excluding the IO"
2022-01-01,44443200593,Ukraine,"All Countries, excluding the IO"
2021-01-01,1035710213531,"Middle East, North Africa, Afghanistan, and Pakistan","All Countries, excluding the IO"
2022-01-01,1461064263388,"Middle East, North Africa, Afghanistan, and Pakistan","All Countries, excluding the IO"
2021-01-01,47192441558,Greece,"All Countries, excluding the IO"
2022-01-01,57523214936,Greece,"All Countries, excluding the IO"
2021-01-01,2683177271,"Venezuela, Bolivarian Republic","All Countries, excluding the IO"
2022-01-01,3940184868,"Venezuela, Bolivarian Republic","All Countries, excluding the IO"
2021-01-01,202799937024,Austria,"All Countries, excluding the IO"
2022-01-01,211920100617,Austria,"All Countries, excluding the IO"
2021-01-01,17149312117.000002,"Iran, Islamic Republic of","All Countries, excluding the IO"
2022-01-01,18603110371,"Iran, Islamic Republic of","All Countries, excluding the IO"
2021-01-01,7697897486529,Export earnings: nonfuel,"All Countries, excluding the IO"
2022-01-01,8488336333658,Export earnings: nonfuel,"All Countries, excluding the IO"
2021-01-01,81378015,Yemen,"All Countries, excluding the IO"
2022-01-01,97345831,Yemen,"All Countries, excluding the IO"
2021-01-01,4243840390.0000005,Syrian Arab Republic,"All Countries, excluding the IO"
2022-01-01,4601810487,Syrian Arab Republic,"All Countries, excluding the IO"
2021-01-01,225214458038,Türkiye,"All Countries, excluding the IO"
2022-01-01,254169747663,Türkiye,"All Countries, excluding the IO"
2021-01-01,21398258090,Estonia,"All Countries, excluding the IO"
2022-01-01,22380480761,Estonia,"All Countries, excluding the IO"
2021-01-01,413341003,Sierra Leone,"All Countries, excluding the IO"
2022-01-01,490566692,Sierra Leone,"All Countries, excluding the IO"
2021-01-01,122354020925,South Africa,"All Countries, excluding the IO"
2022-01-01,123387268690,South Africa,"All Countries, excluding the IO"
2021-01-01,457406963375,Singapore,"All Countries, excluding the IO"
2022-01-01,516016208516,Singapore,"All Countries, excluding the IO"
2021-01-01,74619469933,Philippines,"All Countries, excluding the IO"
2022-01-01,80742656602,Philippines,"All Countries, excluding the IO"
2021-01-01,13635511752,Guatemala,"All Countries, excluding the IO"
2022-01-01,15683554938,Guatemala,"All Countries, excluding the IO"
2021-01-01,59817570568,Kazakhstan,"All Countries, excluding the IO"
2022-01-01,82954643386,Kazakhstan,"All Countries, excluding the IO"
2021-01-01,5201138542,Honduras,"All Countries, excluding the IO"
2022-01-01,6109499655,Honduras,"All Countries, excluding the IO"
2021-01-01,401742997208,Sub-Saharan Africa,"All Countries, excluding the IO"
2022-01-01,455615714240,Sub-Saharan Africa,"All Countries, excluding the IO"
2021-01-01,2305095622,Sudan,"All Countries, excluding the IO"
2022-01-01,3388964120,Sudan,"All Countries, excluding the IO"
2021-01-01,281645257207,Brazil,"All Countries, excluding the IO"
2022-01-01,334463079195,Brazil,"All Countries, excluding the IO"
2021-01-01,206956350,Guinea-Bissau,"All Countries, excluding the IO"
2022-01-01,250783334,Guinea-Bissau,"All Countries, excluding the IO"
2021-01-01,4666448651,Mali,"All Countries, excluding the IO"
2022-01-01,4542015316,Mali,"All Countries, excluding the IO"
2021-01-01,41153626063,Bulgaria,"All Countries, excluding the IO"
2022-01-01,49915072364,Bulgaria,"All Countries, excluding the IO"
2021-01-01,87165659554,Qatar,"All Countries, excluding the IO"
2022-01-01,130920851816,Qatar,"All Countries, excluding the IO"
2021-01-01,26699155442,Ecuador,"All Countries, excluding the IO"
2022-01-01,32626881665,Ecuador,"All Countries, excluding the IO"
2021-01-01,16794207402,Luxembourg,"All Countries, excluding the IO"
2022-01-01,17293488034,Luxembourg,"All Countries, excluding the IO"
2021-01-01,1627554565772,Export earnings: fuel,"All Countries, excluding the IO"
2022-01-01,2219112105397,Export earnings: fuel,"All Countries, excluding the IO"
2021-01-01,172992465489,Norway,"All Countries, excluding the IO"
2022-01-01,277041256599,Norway,"All Countries, excluding the IO"
2021-01-01,45633000,Vanuatu,"All Countries, excluding the IO"
2022-01-01,50746095,Vanuatu,"All Countries, excluding the IO"
2021-01-01,571441803027,Africa,"All Countries, excluding the IO"
2022-01-01,675650938058,Africa,"All Countries, excluding the IO"
2021-01-01,275527643,Barbados,"All Countries, excluding the IO"
2022-01-01,320067196,Barbados,"All Countries, excluding the IO"
2021-01-01,19471536170,Cambodia,"All Countries, excluding the IO"
2022-01-01,22606585803,Cambodia,"All Countries, excluding the IO"
2021-01-01,1636499583636,Germany,"All Countries, excluding the IO"
2022-01-01,1675542637284,Germany,"All Countries, excluding the IO"
2021-01-01,9325452052301,Emerging and Developing Countries,"All Countries, excluding the IO"
2022-01-01,10707448439055,Emerging and Developing Countries,"All Countries, excluding the IO"
2021-01-01,27678875989,"Congo, the Democratic Republic of the","All Countries, excluding the IO"
2022-01-01,28043220248,"Congo, the Democratic Republic of the","All Countries, excluding the IO"
2021-01-01,838490707640,Netherlands,"All Countries, excluding the IO"
2022-01-01,962446383027,Netherlands,"All Countries, excluding the IO"
2021-01-01,892353860,Fiji,"All Countries, excluding the IO"
2022-01-01,1049353865,Fiji,"All Countries, excluding the IO"
2021-01-01,383898692,Somalia,"All Countries, excluding the IO"
2022-01-01,533148001,Somalia,"All Countries, excluding the IO"
2021-01-01,12450830596,Dominican Republic,"All Countries, excluding the IO"
2022-01-01,13504327168,Dominican Republic,"All Countries, excluding the IO"
2021-01-01,15157860195,Myanmar,"All Countries, excluding the IO"
2022-01-01,20549849248,Myanmar,"All Countries, excluding the IO"
2021-01-01,8377046966,Trinidad and Tobago,"All Countries, excluding the IO"
2022-01-01,13286111383,Trinidad and Tobago,"All Countries, excluding the IO"
2021-01-01,5040406639,Burkina Faso,"All Countries, excluding the IO"
2022-01-01,4542731249,Burkina Faso,"All Countries, excluding the IO"
2021-01-01,3015987201,Armenia,"All Countries, excluding the IO"
2022-01-01,5360069395,Armenia,"All Countries, excluding the IO"
2021-01-01,17783348522,Bahrain,"All Countries, excluding the IO"
2022-01-01,24303078995,Bahrain,"All Countries, excluding the IO"
2021-01-01,405530153,Djibouti,"All Countries, excluding the IO"
2022-01-01,492099657,Djibouti,"All Countries, excluding the IO"
2021-01-01,13319505388,Sri Lanka,"All Countries, excluding the IO"
2022-01-01,16852859897.999998,Sri Lanka,"All Countries, excluding the IO"
2021-01-01,1501931237,Suriname,"All Countries, excluding the IO"
2022-01-01,1832386840,Suriname,"All Countries, excluding the IO"
2021-01-01,189189717,"Korea, Democratic People`s Republic of","All Countries, excluding the IO"
2022-01-01,242892082,"Korea, Democratic People`s Republic of","All Countries, excluding the IO"
2021-01-01,77629062185,Argentina,"All Countries, excluding the IO"
2022-01-01,88057187518,Argentina,"All Countries, excluding the IO"
2021-01-01,4006086648,Ethiopia,"All Countries, excluding the IO"
2022-01-01,4970889725,Ethiopia,"All Countries, excluding the IO"
2021-01-01,29079771,Samoa,"All Countries, excluding the IO"
2022-01-01,41580145,Samoa,"All Countries, excluding the IO"
2021-01-01,548761473283.00006,Belgium,"All Countries, excluding the IO"
2022-01-01,637074082386,Belgium,"All Countries, excluding the IO"
2021-01-01,494945383000,Mexico,"All Countries, excluding the IO"
2022-01-01,577729987000,Mexico,"All Countries, excluding the IO"
2021-01-01,266291811219.99997,Thailand,"All Countries, excluding the IO"
2022-01-01,283862758108,Thailand,"All Countries, excluding the IO"
2021-01-01,265400379238.99997,United Arab Emirates,"All Countries, excluding the IO"
2022-01-01,371834947533,United Arab Emirates,"All Countries, excluding the IO"
2021-01-01,81975805377,Finland,"All Countries, excluding the IO"
2022-01-01,86021280086,Finland,"All Countries, excluding the IO"
2021-01-01,1439627959,Jamaica,"All Countries, excluding the IO"
2022-01-01,1062411822.9999999,Jamaica,"All Countries, excluding the IO"
2021-01-01,73996038,Cabo Verde,"All Countries, excluding the IO"
2022-01-01,58900735,Cabo Verde,"All Countries, excluding the IO"
2021-01-01,190618745215,Ireland,"All Countries, excluding the IO"
2022-01-01,214115196468,Ireland,"All Countries, excluding the IO"
2021-01-01,41389989091,Colombia,"All Countries, excluding the IO"
2022-01-01,57105700449,Colombia,"All Countries, excluding the IO"
2021-01-01,16676584813.000002,Tunisia,"All Countries, excluding the IO"
2022-01-01,18561194823,Tunisia,"All Countries, excluding the IO"
2021-01-01,1534564659,Faroe Islands,"All Countries, excluding the IO"
2022-01-01,2104032626.0000002,Faroe Islands,"All Countries, excluding the IO"
2021-01-01,394463710390,India,"All Countries, excluding the IO"
2022-01-01,453196569073,India,"All Countries, excluding the IO"
2021-01-01,2385244195,Congo,"All Countries, excluding the IO"
2022-01-01,3699635835,Congo,"All Countries, excluding the IO"
2021-01-01,10559535045,Paraguay,"All Countries, excluding the IO"
2022-01-01,9957013974,Paraguay,"All Countries, excluding the IO"
2021-01-01,28681421753,Pakistan,"All Countries, excluding the IO"
2022-01-01,30872794285,Pakistan,"All Countries, excluding the IO"
2021-01-01,609633697,Liberia,"All Countries, excluding the IO"
2022-01-01,724915888,Liberia,"All Countries, excluding the IO"
2021-01-01,1167803027,Cuba,"All Countries, excluding the IO"
2022-01-01,1274432666,Cuba,"All Countries, excluding the IO"
2021-01-01,36335997,Comoros,"All Countries, excluding the IO"
2022-01-01,48822391,Comoros,"All Countries, excluding the IO"
2021-01-01,2707433581,Madagascar,"All Countries, excluding the IO"
2022-01-01,3546314854,Madagascar,"All Countries, excluding the IO"
2021-01-01,9376914778,Turkmenistan,"All Countries, excluding the IO"
2022-01-01,13427020887,Turkmenistan,"All Countries, excluding the IO"
2021-01-01,36530850612,Morocco,"All Countries, excluding the IO"
2022-01-01,41999045131,Morocco,"All Countries, excluding the IO"
2021-01-01,141825413586,Hungary,"All Countries, excluding the IO"
2022-01-01,151668982722,Hungary,"All Countries, excluding the IO"
2021-01-01,53032378,Saint Vincent and the Grenadines,"All Countries, excluding the IO"
2022-01-01,71459850,Saint Vincent and the Grenadines,"All Countries, excluding the IO"
2021-01-01,51572564,Bermuda,"All Countries, excluding the IO"
2022-01-01,66214646,Bermuda,"All Countries, excluding the IO"
2021-01-01,501740476073,Canada,"All Countries, excluding the IO"
2022-01-01,596957712230,Canada,"All Countries, excluding the IO"
2021-01-01,1658948421,Kyrgyzstan,"All Countries, excluding the IO"
2022-01-01,2186695032,Kyrgyzstan,"All Countries, excluding the IO"
2021-01-01,4421384184,Cameroon,"All Countries, excluding the IO"
2022-01-01,6043313217,Cameroon,"All Countries, excluding the IO"
2021-01-01,9241377403,Mongolia,"All Countries, excluding the IO"
2022-01-01,12525983914,Mongolia,"All Countries, excluding the IO"
2021-01-01,1079792672,Togo,"All Countries, excluding the IO"
2022-01-01,2086948426,Togo,"All Countries, excluding the IO"
2021-01-01,264005693,Belize,"All Countries, excluding the IO"
2022-01-01,286430398,Belize,"All Countries, excluding the IO"
2021-01-01,39574133382,New Zealand,"All Countries, excluding the IO"
2022-01-01,46319748469,New Zealand,"All Countries, excluding the IO"
2021-01-01,3972854985,Uganda,"All Countries, excluding the IO"
2022-01-01,3587602694,Uganda,"All Countries, excluding the IO"
2021-01-01,11012507376,Brunei Darussalam,"All Countries, excluding the IO"
2022-01-01,18453030611,Brunei Darussalam,"All Countries, excluding the IO"
2021-01-01,56228586894,Peru,"All Countries, excluding the IO"
2022-01-01,60151838730,Peru,"All Countries, excluding the IO"
2021-01-01,20752001,Sao Tome and Principe,"All Countries, excluding the IO"
2022-01-01,20878375,Sao Tome and Principe,"All Countries, excluding the IO"
2021-01-01,3513117968,Nicaragua,"All Countries, excluding the IO"
2022-01-01,3878440278,Nicaragua,"All Countries, excluding the IO"
2021-01-01,340530213607,Poland,"All Countries, excluding the IO"
2022-01-01,360395232176,Poland,"All Countries, excluding the IO"
2021-01-01,344138637936,Australia,"All Countries, excluding the IO"
2022-01-01,412540265911,Australia,"All Countries, excluding the IO"
2021-01-01,278924567991,Saudi Arabia,"All Countries, excluding the IO"
2022-01-01,407429581914,Saudi Arabia,"All Countries, excluding the IO"
2021-01-01,125927151823,Denmark,"All Countries, excluding the IO"
2022-01-01,131769792870,Denmark,"All Countries, excluding the IO"
2021-01-01,22059281139791,"All Countries, excluding the IO","All Countries, excluding the IO"
2022-01-01,24666675250696,"All Countries, excluding the IO","All Countries, excluding the IO"
2021-01-01,330431996952,Viet Nam,"All Countries, excluding the IO"
2022-01-01,364262418391,Viet Nam,"All Countries, excluding the IO"
2021-01-01,3054320816,Malta,"All Countries, excluding the IO"
2022-01-01,3249570723,Malta,"All Countries, excluding the IO"
2021-01-01,231522458149,Indonesia,"All Countries, excluding the IO"
2022-01-01,290953709514,Indonesia,"All Countries, excluding the IO"
2021-01-01,16726185.999999998,Grenada,"All Countries, excluding the IO"
2022-01-01,18205397,Grenada,"All Countries, excluding the IO"
2021-01-01,59075000000,Israel,"All Countries, excluding the IO"
2022-01-01,72538300000,Israel,"All Countries, excluding the IO"
2021-01-01,1273126839,Haiti,"All Countries, excluding the IO"
2022-01-01,1203300731,Haiti,"All Countries, excluding the IO"
2021-01-01,87492818,Aruba,"All Countries, excluding the IO"
2022-01-01,103841099,Aruba,"All Countries, excluding the IO"
2021-01-01,57336261095,Slovenia,"All Countries, excluding the IO"
2022-01-01,69685265710,Slovenia,"All Countries, excluding the IO"
2021-01-01,6643895604176,EU (Member States and Institutions of the European Union) changing composition,"All Countries, excluding the IO"
2022-01-01,7172417348207,EU (Member States and Institutions of the European Union) changing composition,"All Countries, excluding the IO"
2021-01-01,2454970142,Chad,"All Countries, excluding the IO"
2022-01-01,4476912878,Chad,"All Countries, excluding the IO"
2021-01-01,38434843397,Algeria,"All Countries, excluding the IO"
2022-01-01,65102212578,Algeria,"All Countries, excluding the IO"
2021-01-01,4693983597,Equatorial Guinea,"All Countries, excluding the IO"
2022-01-01,7644430810,Equatorial Guinea,"All Countries, excluding the IO"
2021-01-01,756166163384,Japan,"All Countries, excluding the IO"
2022-01-01,746720431187,Japan,"All Countries, excluding the IO"
2021-01-01,11141094532,Zambia,"All Countries, excluding the IO"
2022-01-01,11646598892,Zambia,"All Countries, excluding the IO"
2021-01-01,6394888919,El Salvador,"All Countries, excluding the IO"
2022-01-01,7115101783,El Salvador,"All Countries, excluding the IO"
2021-01-01,766728288,Afghanistan,"All Countries, excluding the IO"
2022-01-01,616311212,Afghanistan,"All Countries, excluding the IO"
2021-01-01,40701698922,Lithuania,"All Countries, excluding the IO"
2022-01-01,46480786359,Lithuania,"All Countries, excluding the IO"
2021-01-01,6391189270,"Tanzania, United Republic of","All Countries, excluding the IO"
2022-01-01,9487638542,"Tanzania, United Republic of","All Countries, excluding the IO"
2021-01-01,1649982743,Mauritius,"All Countries, excluding the IO"
2022-01-01,1646525960,Mauritius,"All Countries, excluding the IO"
2021-01-01,75208893838,Portugal,"All Countries, excluding the IO"
2022-01-01,82435065059,Portugal,"All Countries, excluding the IO"
2021-01-01,20832155049,Latvia,"All Countries, excluding the IO"
2022-01-01,24080689848,Latvia,"All Countries, excluding the IO"
2021-01-01,6200382643,Guinea,"All Countries, excluding the IO"
2022-01-01,6093021220,Guinea,"All Countries, excluding the IO"
2021-01-01,1747068121,New Caledonia,"All Countries, excluding the IO"
2022-01-01,2307578355,New Caledonia,"All Countries, excluding the IO"
2021-01-01,4242512939,Georgia,"All Countries, excluding the IO"
2022-01-01,5583425389,Georgia,"All Countries, excluding the IO"
2021-01-01,492048058908,Russian Federation,"All Countries, excluding the IO"
2022-01-01,584457238141,Russian Federation,"All Countries, excluding the IO"
2021-01-01,716879140001,Community of Independent States (CIS),"All Countries, excluding the IO"
2022-01-01,831816444852,Community of Independent States (CIS),"All Countries, excluding the IO"
2021-01-01,29133632,Dominica,"All Countries, excluding the IO"
2022-01-01,24725178,Dominica,"All Countries, excluding the IO"
2021-01-01,17395607850,Ghana,"All Countries, excluding the IO"
2022-01-01,19569558039,Ghana,"All Countries, excluding the IO"
2021-01-01,12732472094746,Advanced Economies (IMF),"All Countries, excluding the IO"
2022-01-01,13957709486893,Advanced Economies (IMF),"All Countries, excluding the IO"
2021-01-01,954303247,Greenland,"All Countries, excluding the IO"
2022-01-01,999067324,Greenland,"All Countries, excluding the IO"
2021-01-01,3900149090,Cyprus,"All Countries, excluding the IO"
2022-01-01,4347009704,Cyprus,"All Countries, excluding the IO"
2021-01-01,363951205,Solomon Islands,"All Countries, excluding the IO"
2022-01-01,390558547,Solomon Islands,"All Countries, excluding the IO"
2021-01-01,299037704561,Malaysia,"All Countries, excluding the IO"
2022-01-01,352337923095,Malaysia,"All Countries, excluding the IO"
2021-01-01,379751282574,Spain,"All Countries, excluding the IO"
2022-01-01,415379620929,Spain,"All Countries, excluding the IO"
2021-01-01,644399390000,"Korea, Republic of","All Countries, excluding the IO"
2022-01-01,683583612000,"Korea, Republic of","All Countries, excluding the IO"
2021-01-01,379401552403,Switzerland,"All Countries, excluding the IO"
2022-01-01,401751970003,Switzerland,"All Countries, excluding the IO"
2021-01-01,30971450976,Libya,"All Countries, excluding the IO"
2022-01-01,38215390721,Libya,"All Countries, excluding the IO"
2021-01-01,1757821567908,United States,"All Countries, excluding the IO"
2022-01-01,2065156971432,United States,"All Countries, excluding the IO"
2021-01-01,103882647643,Slovakia,"All Countries, excluding the IO"
2022-01-01,108370863626,Slovakia,"All Countries, excluding the IO"
2021-01-01,9537248057,Uruguay,"All Countries, excluding the IO"
2022-01-01,11187261350,Uruguay,"All Countries, excluding the IO"
2021-01-01,25559357547,Serbia,"All Countries, excluding the IO"
2022-01-01,29056978941,Serbia,"All Countries, excluding the IO"
2021-01-01,1172783371,Malawi,"All Countries, excluding the IO"
2022-01-01,1198158501,Malawi,"All Countries, excluding the IO"
2021-01-01,1187796456783,Western Hemisphere,"All Countries, excluding the IO"
2022-01-01,1387521999729,Western Hemisphere,"All Countries, excluding the IO"
2021-01-01,105440340,Saint Lucia,"All Countries, excluding the IO"
2022-01-01,79983627,Saint Lucia,"All Countries, excluding the IO"
2021-01-01,68303554694.00001,Kuwait,"All Countries, excluding the IO"
2022-01-01,100240734906,Kuwait,"All Countries, excluding the IO"
2021-01-01,14081079835,Uzbekistan,"All Countries, excluding the IO"
2022-01-01,15349649063,Uzbekistan,"All Countries, excluding the IO"
2021-01-01,1486269952777,Europe,"All Countries, excluding the IO"
2022-01-01,1635983944349,Europe,"All Countries, excluding the IO"
2021-01-01,4575932080,Lebanon,"All Countries, excluding the IO"
2022-01-01,4308951000,Lebanon,"All Countries, excluding the IO"
2021-01-01,6728860365,Kenya,"All Countries, excluding the IO"
2022-01-01,7309482311,Kenya,"All Countries, excluding the IO"
2021-01-01,37848891219,Bangladesh,"All Countries, excluding the IO"
2022-01-01,47085866948,Bangladesh,"All Countries, excluding the IO"
2021-01-01,54402558,Central African Republic,"All Countries, excluding the IO"
2022-01-01,56004641,Central African Republic,"All Countries, excluding the IO"
2021-01-01,3686245683,Panama,"All Countries, excluding the IO"
2022-01-01,3910111996,Panama,"All Countries, excluding the IO"
2021-01-01,226528099469,Czech Republic,"All Countries, excluding the IO"
2022-01-01,241971738485,Czech Republic,"All Countries, excluding the IO"
2021-01-01,1473644625,Tajikistan,"All Countries, excluding the IO"
2022-01-01,1656594153,Tajikistan,"All Countries, excluding the IO"
2021-01-01,8505383388,Jordan,"All Countries, excluding the IO"
2022-01-01,11382812380,Jordan,"All Countries, excluding the IO"
2021-01-01,14381000,Tonga,"All Countries, excluding the IO"
2022-01-01,5025995,Tonga,"All Countries, excluding the IO"
2021-01-01,44464206,Saint Kitts and Nevis,"All Countries, excluding the IO"
2022-01-01,28920386,Saint Kitts and Nevis,"All Countries, excluding the IO"
2021-01-01,671992604167,"Hong Kong, China","All Countries, excluding the IO"
2022-01-01,611365563695,"Hong Kong, China","All Countries, excluding the IO"
2021-01-01,40696663981,Egypt,"All Countries, excluding the IO"
2022-01-01,48398807224,Egypt,"All Countries, excluding the IO"
2021-01-01,7114201078,Botswana,"All Countries, excluding the IO"
2022-01-01,8137012298,Botswana,"All Countries, excluding the IO"
2021-01-01,11712794,Holy See (Vatican City State),"All Countries, excluding the IO"
2022-01-01,5621329,Holy See (Vatican City State),"All Countries, excluding the IO"
2021-01-01,36510565,Kiribati,"All Countries, excluding the IO"
2022-01-01,189680929,Kiribati,"All Countries, excluding the IO"
2021-01-01,5481692316,Namibia,"All Countries, excluding the IO"
2022-01-01,4896223070,Namibia,"All Countries, excluding the IO"
2021-01-01,1848580572,Antigua and Barbuda,"All Countries, excluding the IO"
2022-01-01,2286607907,Antigua and Barbuda,"All Countries, excluding the IO"
2021-01-01,228918377,Nauru,"All Countries, excluding the IO"
2022-01-01,246901137,Nauru,"All Countries, excluding the IO"
2021-01-01,141172822,Gibraltar,"All Countries, excluding the IO"
2022-01-01,410722277,Gibraltar,"All Countries, excluding the IO"
2021-01-01,854419290,Bhutan,"All Countries, excluding the IO"
2022-01-01,765917170,Bhutan,"All Countries, excluding the IO"
2021-01-01,232272963,"Micronesia, Federated States of","All Countries, excluding the IO"
2022-01-01,238166702,"Micronesia, Federated States of","All Countries, excluding the IO"
2021-01-01,164809146,Guam,"All Countries, excluding the IO"
2022-01-01,196758371,Guam,"All Countries, excluding the IO"
2021-01-01,209392831,Curacao,"All Countries, excluding the IO"
2022-01-01,191811712,Curacao,"All Countries, excluding the IO"
2021-01-01,35406426,Anguilla,"All Countries, excluding the IO"
2022-01-01,36802262,Anguilla,"All Countries, excluding the IO"
2021-01-01,525277606,South Sudan,"All Countries, excluding the IO"
2022-01-01,489737231,South Sudan,"All Countries, excluding the IO"
2021-01-01,150441745,French Polynesia,"All Countries, excluding the IO"
2022-01-01,132159473.99999999,French Polynesia,"All Countries, excluding the IO"
2021-01-01,1363337887,Marshall islands,"All Countries, excluding the IO"
2022-01-01,1346348138,Marshall islands,"All Countries, excluding the IO"
2021-01-01,1066980450.9999999,Lesotho,"All Countries, excluding the IO"
2022-01-01,1052899124.9999999,Lesotho,"All Countries, excluding the IO"
2021-01-01,1357640076,"Palestine, State of","All Countries, excluding the IO"
2022-01-01,1667817500,"Palestine, State of","All Countries, excluding the IO"
2021-01-01,27439080,American Samoa,"All Countries, excluding the IO"
2022-01-01,25849217,American Samoa,"All Countries, excluding the IO"
2021-01-01,26251682,Tuvalu,"All Countries, excluding the IO"
2022-01-01,22695097,Tuvalu,"All Countries, excluding the IO"
2021-01-01,215164584,San Marino,"All Countries, excluding the IO"
2022-01-01,205898159,San Marino,"All Countries, excluding the IO"
2021-01-01,489579860,Eritrea,"All Countries, excluding the IO"
2022-01-01,580683869,Eritrea,"All Countries, excluding the IO"
2021-01-01,885544653,"Kosovo, Republic of","All Countries, excluding the IO"
2022-01-01,967840058,"Kosovo, Republic of","All Countries, excluding the IO"
2021-01-01,12800882,Montserrat,"All Countries, excluding the IO"
2022-01-01,5212912,Montserrat,"All Countries, excluding the IO"
2021-01-01,1853219,Palau,"All Countries, excluding the IO"
2022-01-01,4501820,Palau,"All Countries, excluding the IO"
2021-01-01,61516788,Sint Maarten (Dutch part),"All Countries, excluding the IO"
2022-01-01,102156452,Sint Maarten (Dutch part),"All Countries, excluding the IO"
2021-01-01,2063256997.9999998,Eswatini,"All Countries, excluding the IO"
2022-01-01,1949657991,Eswatini,"All Countries, excluding the IO"
2021-01-01,321783792,Timor-Leste,"All Countries, excluding the IO"
2022-01-01,307380300,Timor-Leste,"All Countries, excluding the IO"
2021-01-01,317827598,Falkland Islands (Malvinas),"All Countries, excluding the IO"
2022-01-01,382004232,Falkland Islands (Malvinas),"All Countries, excluding the IO"
2021-01-01,5491325008402,Euro Area (Member States and Institutions of the Euro Area) changing composition,"All Countries, excluding the IO"
2022-01-01,5942415214984,Euro Area (Member States and Institutions of the Euro Area) changing composition,"All Countries, excluding the IO"
2021-01-01,1151584876198,Middle East and Central Asia,"All Countries, excluding the IO"
2022-01-01,1625728794893,Middle East and Central Asia,"All Countries, excluding the IO"
